Authors,Author(s) ID,Title,Year,Source title,Volume,Issue,Art. No.,Page start,Page end,Page count,Cited by,DOI,Link,Affiliations,Authors with affiliations,Abstract,Author Keywords,ISSN,ISBN,CODEN,Document Type,Publication Stage,Open Access,Source,EID
"Becnel K.E., Moeller R.A.","","I’m conflicted about my shelf of censorship”: High school library graphic novel collection development in North Carolina, USA",2020,"School Libraries Worldwide","26","1",,"124","135",,1,,,,"Becnel, K.E.; Moeller, R.A.",[No abstract available],,,,,,"Final","",Scopus,2-s2.0-85118218309
"Everhart N.","","School libraries and COVID-19",2020,"School Libraries Worldwide","26","2",,"i","ii",,1,,,,"Everhart, N.",[No abstract available],,,,,,"Final","",Scopus,2-s2.0-85116408447
"Soulen R., Tedrow L., Sullivan K.","","Resilience in the aftermath: School libraries and rebounding after trauma",2020,"School Libraries Worldwide","26","2",,"27","45",,4,,,,"Soulen, R.; Tedrow, L.; Sullivan, K.",[No abstract available],,,,,,"Final","",Scopus,2-s2.0-85112346632
"Kammer Jenna, Moreland Denise","","School and Public Library Collaboration: A Phenomenology of Working Together",2020,"School Libraries Worldwide","26","1",,"31","47",,1,,,,"Kammer, Jenna; Moreland, Denise",[No abstract available],,,,,,"Final","",Scopus,2-s2.0-85088501624
"Spisak J.R.","","School librarian perceptions of the importance of information literacy",2020,"School Libraries Worldwide","26","1",,"151","164",,2,,,,"Spisak, J.R.",[No abstract available],,,,,,"Final","",Scopus,2-s2.0-85125991335
"Gagen-Spriggs K.","","An investigation into the reasons students read for pleasure",2020,"School Libraries Worldwide","26","1",,"110","123",,1,,,,"Gagen-Spriggs, K.",[No abstract available],,,,,,"Final","",Scopus,2-s2.0-85101123993
"Burns Elizabeth A.","","AASL National School Library Standards: Progress toward Implementation",2020,"School Libraries Worldwide","26","1",,"1","12",,1,,,,"Burns, Elizabeth A.",[No abstract available],,,,,,"Final","",Scopus,2-s2.0-85124901548
"Reed Karen, Tharp Terri","","Application of the Teacher Citizenship Behavior (TCB) Theory to the Extra-Role Work of School Librarians",2020,"School Libraries Worldwide","26","1",,"48","60",,1,,,,"Reed, Karen; Tharp, Terri",[No abstract available],,,,,,"Final","",Scopus,2-s2.0-85124870455
"Lewis Melanie A.","","Administrators’ Instructional Leadership Perspective of the Role of Instructional Coaches and Teacher Librarians: A Comparative Examination",2019,"School Libraries Worldwide","25","2",,"16","33",,1,,,,"Lewis, Melanie A.",[No abstract available],,,,,,"Final","",Scopus,2-s2.0-85115791367
"Dipetso C.M., Moahi K.H.","","Information literacy skills of high school students in Botswana: A case study of a high school in Gaborone, Botswana",2019,"School Libraries Worldwide","25","1",,"99","115",,1,,,,"Dipetso, C.M.; Moahi, K.H.",[No abstract available],,,,,,"Final","",Scopus,2-s2.0-85114642332
"Rinio D.","","Social network analysis for school librarians to evaluate and improve teacher collaboration",2019,"School Libraries Worldwide","25","1",,"57","79",,1,,,,"Rinio, D.",[No abstract available],,,,,,"Final","",Scopus,2-s2.0-85110888536
"Burns E., Gross M., Latham D.","","The information literacy continuum: Mapping the ACRL framework to the AASL school library standards",2019,"School Libraries Worldwide","25","1",,"1","20",,5,,,,"Burns, E.; Gross, M.; Latham, D.",[No abstract available],,,,,,"Final","",Scopus,2-s2.0-85088417505
"Baker A., Carney K., Schwark C.","","The School Librarian’s Role in the Adoption of Open Educational Resources",2019,"School Libraries Worldwide","25","1",,"81","99",,1,,,,"Baker, A.; Carney, K.; Schwark, C.",[No abstract available],,,,,,"Final","",Scopus,2-s2.0-85124831606
"Oltmann Shannon M.","","Ethics, Values, and Intellectual Freedom in School Libraries",2018,"School Libraries Worldwide","24","1",,"71","86",,1,,,,"Oltmann, Shannon M.",[No abstract available],,,,,,"Final","",Scopus,2-s2.0-85092743578
"Elkins Aaron. J.","","Mind the Gaps: School Librarians’ Job Descriptions and the Professional Standards for School Librarians in the United States",2018,"School Libraries Worldwide","24","1",,"87","98",,3,,,,"Elkins, Aaron. J.",[No abstract available],,,,,,"Final","",Scopus,2-s2.0-85107312215
"Schultz-Jones Barbara","","Professional Standards: A Framework for Distance Learning Instructional Design",2018,"School Libraries Worldwide","24","1",,"29","44",,1,,,,"Schultz-Jones, Barbara",[No abstract available],,,,,,"Final","",Scopus,2-s2.0-85107274981
"Johnston M. P.","","Supporting STEM education: Needs assessment of southeastern rural teacher librarians",2018,"School Libraries Worldwide","24","2",,"62","79",,1,,,,"Johnston, M. P.",[No abstract available],,,,,,"Final","",Scopus,2-s2.0-85106033990
"Soulen R.R., Wine L.D.","","Building Resilience in New and Beginning Teachers: Contributions of School Librarians",2018,"School Libraries Worldwide","24","2",,"80","91",,5,,,,"Soulen, R.R.; Wine, L.D.",[No abstract available],,,,,,"Final","",Scopus,2-s2.0-85083496037
"Schultz-Jones B.","","Evidence, Standards and School Librarianship: Prevailing Policies, Promising Methods, and Progress on a Research Agenda",2018,"School Libraries Worldwide","24",,,"17","29",,2,,,,"Schultz-Jones, B.",[No abstract available],,,,,,"Final","",Scopus,2-s2.0-85082093050
"Everhart N.","","Making the case for diversity in school library research",2018,"School Libraries Worldwide","24","2",,"i","iv",,1,,,,"Everhart, N.",[No abstract available],,,,,,"Final","",Scopus,2-s2.0-85101237316
"Joo S., Cahill M.","","Exploring research topics in the field of school librarianship based on text mining",2018,"School Libraries Worldwide","24","1",,"15","28",,4,,,,"Joo, S.; Cahill, M.",[No abstract available],,,,,,"Final","",Scopus,2-s2.0-85048794889
"Sakr R., Nabhani M., Osta I.","","Description and Evaluation of the Information Literacy Program in a Private School in Lebanon: A Case Study",2017,"School Libraries Worldwide","15","1",,"28","44",,3,,,,"Sakr, R.; Nabhani, M.; Osta, I.",[No abstract available],,,,,,"Final","",Scopus,2-s2.0-79951500869
"Seefeldt J., Syré L.","","German school libraries: Requirement and reality",2017,"School Libraries Worldwide","23","2",,"46","51",,1,,,,"Seefeldt, J.; Syré, L.",[No abstract available],,,,,,"Final","",Scopus,2-s2.0-85089989309
"Harper M.","","Helping students who hurt: care based policies and practices for the school library",2017,"School Libraries Worldwide","23","1",,"41","54",,3,,,,"Harper, M.",[No abstract available],,,,,,"Final","",Scopus,2-s2.0-85052011154
"Dube G.B.","","Review of educational policies that affect funding of school libraries in Malawi",2017,"School Libraries Worldwide","23","1",,"84","94",,1,,,,"Dube, G.B.",[No abstract available],,,,,,"Final","",Scopus,2-s2.0-85106708307
"Paiva M., Sirihal D.A.","","School library contribution to student achievement as measured by the Brazil-Reading Test",2017,"School Libraries Worldwide","23","1",,"120","150",,1,,,,"Paiva, M.; Sirihal, D.A.",[No abstract available],,,,,,"Final","",Scopus,2-s2.0-85065260861
"Harlan M.A.","","Constructing youth: Reflecting on defining youth and impact on methods",2016,"School Libraries Worldwide","22","2",,"1","12",,9,,,,"Harlan, M.A.",[No abstract available],,,,,,"Final","",Scopus,2-s2.0-85058702801
"Barker S.","","From teacher to school librarian leader and instructional partner: A proposed transformation framework for educators of preservice school librarians",2016,"School Libraries Worldwide","22","1",,"143","159",,5,,,,"Barker, S.",[No abstract available],,,,,,"Final","",Scopus,2-s2.0-85058335105
"Lupton M.","","Adding Value: Principals Perceptions of the Role of the Teacher-Librarian.”",2016,"School Libraries Worldwide","22","1",,"49","61",,5,,,,"Lupton, M.",[No abstract available],,,,,,"Final","",Scopus,2-s2.0-85031312573
"Newsum J.M.","","School Collection Development and Resource Management in Digitally Rich Environments: An Initial Literature Review",2016,"School Libraries Worldwide","22","1",,"97","109",,1,,,,"Newsum, J.M.",[No abstract available],,,,,,"Final","",Scopus,2-s2.0-85031285899
"Buchanan S., Harlan M.A., Bruce C.S., Edwards S.L.","","Inquiry based learning models, information literacy, and student engagement: A literature review",2016,"School Libraries Worldwide","22","2",,"23","39",,29,,,,"Buchanan, S.; Harlan, M.A.; Bruce, C.S.; Edwards, S.L.",[No abstract available],,,,,,"Final","",Scopus,2-s2.0-85023599604
"Lewis M.","","Professional learning facilitators in 1:1 program implementation: Technology coaches or school librarians?",2016,"School Libraries Worldwide","22","2",,"13","23",,4,,,,"Lewis, M.",[No abstract available],,,,,,"Final","",Scopus,2-s2.0-85044720659
"Branch-Mueller J., de Groot J.","","Becoming a celebrity teacher-librarian: Moving towards self-actualization and realization",2016,"School Libraries Worldwide","22","1",,"79","96",,8,,,,"Branch-Mueller, J.; de Groot, J.",[No abstract available],,,,,,"Final","",Scopus,2-s2.0-85061671868
"Krashen S.","","The purpose of education, free voluntary reading, and dealing with the impact of poverty",2016,"School Libraries Worldwide","22","1",,"1","7",,6,,,,"Krashen, S.",[No abstract available],,,,,,"Final","",Scopus,2-s2.0-85061418906
"Baro E.E., Eze M.E.","","Enhancing quality learning: The impact of school library services to students in Nigeria",2016,"School Libraries Worldwide","22","1",,"8","19",,5,,,,"Baro, E.E.; Eze, M.E.",[No abstract available],,,,,,"Final","",Scopus,2-s2.0-85038590523
"Rawson C., Hughes-Hassell S.","","Research by Design: The Promise of Design-Based Research for School Library Research.",2015,"School Libraries Worldwide","21","2",,"11","25",,4,,,,"Rawson, C.; Hughes-Hassell, S.",[No abstract available],,,,,,"Final","",Scopus,2-s2.0-85037992693
"Ewbank A.D.","","Library advocacy through Twitter: A social media analysis of #savelibraries and #getESEAright",2015,"School Libraries Worldwide","21","2",,"26","38",,6,,,,"Ewbank, A.D.",[No abstract available],,,,,,"Final","",Scopus,2-s2.0-85020611324
"Hughes-Hassell S., Stivers J.","","Examining youth services librarians' perceptions of cultural knowledge as an integral part of their professional practice",2015,"School Libraries Worldwide","21","Jan. 2015",,"121","136",,2,,,,"Hughes-Hassell, S.; Stivers, J.",[No abstract available],,,,,,"Final","",Scopus,2-s2.0-84995919912
"Green L.S., Johnston M.P.","","Global perspectives: exploring school-based Brazilian librarianship through institutional ethnography",2015,"School Libraries Worldwide","21","1",,"1","18",,1,,,,"Green, L.S.; Johnston, M.P.",[No abstract available],,,,,,"Final","",Scopus,2-s2.0-85075152255
"Lo P.","","A Research Agenda for Enhancing Teacher Librarians Roles and Practice in Hong Kong’s 21st Century Learning Environments.”",2015,"School Libraries Worldwide","21","1",,"19","37",,2,,,,"Lo, P.",[No abstract available],,,,,,"Final","",Scopus,2-s2.0-85031298281
"Barlow D.","","A Tale of Two Surveys: A Comparison of National Studies of School District Library Supervisors",2015,"School Libraries Worldwide","21","2",,"73","84",,1,,,,"Barlow, D.",[No abstract available],,,,,,"Final","",Scopus,2-s2.0-84988965759
"Garry C.P.","","Selection or Censorship? School Librarians and LGBTQ Resources",2015,"School Libraries Worldwide","21","1",,"73","90",,5,,,,"Garry, C.P.",[No abstract available],,,,,,"Final","",Scopus,2-s2.0-85051077785
"Moreillon J.","","#schoollibrarians tweet for professional development: A netnographic case study of #txlchat",2015,"School Libraries Worldwide","21","2",,"127","137",,9,,,,"Moreillon, J.",[No abstract available],,,,,,"Final","",Scopus,2-s2.0-85012045388
"Froggatt D. L.","","The informationally underserved: Not always diverse, but always a social justice advocacy model",2015,"School Libraries Worldwide","21","1",,"54","72",,1,,,,"Froggatt, D. L.",[No abstract available],,,,,,"Final","",Scopus,2-s2.0-85108238305
"Jones J.L., Martin M.S., Flohr B.R.","","Theories holding promise for supporting the constructivist behaviors of inquiry",2015,"School Libraries Worldwide","21","2",,"115","126",,2,,,,"Jones, J.L.; Martin, M.S.; Flohr, B.R.",[No abstract available],,,,,,"Final","",Scopus,2-s2.0-85018917516
"Kim S.U.","","Investigating how English language learners feel during their research project with the framework of Kuhlthau's ISP",2015,"School Libraries Worldwide","21","2",,"85","102",,1,,,,"Kim, S.U.",[No abstract available],,,,,,"Final","",Scopus,2-s2.0-85044168827
"Johnston M.P.","","Distributed leadership theory for investigating teacher librarian leadership",2015,"School Libraries Worldwide","21","2",,"39","57",,8,,,,"Johnston, M.P.",[No abstract available],,,,,,"Final","",Scopus,2-s2.0-85008254597
"O'Connell J.","","Researcher's perspective: Is teacher librarianship in crisis in digital environments? An Australian perspective",2014,"School Libraries Worldwide","20","1",,"1","19",,1,,,,"O'Connell, J.",[No abstract available],,,,,,"Final","",Scopus,2-s2.0-84951049960
"Rawson C.H.","","Every flower in the garden: collaboration between school librarians and science teachers",2014,"School Libraries Worldwide","20","1",,"20","28",,3,,,,"Rawson, C.H.",[No abstract available],,,,,,"Final","",Scopus,2-s2.0-84946841654
"Lo P., Dukic D., Chen J.C.-C., Youn Y.-R., Yuji H., Nakashima M., Yang G.","","Attitudes and Self-Perceptions of School Librarians in Relations to Their Professional Practices: A Comparative Study between Hong Kong, Shanghai, South Korea, Taipei, and Japan",2014,"School Libraries Worldwide","20","1",,"51","69",,5,,,,"Lo, P.; Dukic, D.; Chen, J.C.-C.; Youn, Y.-R.; Yuji, H.; Nakashima, M.; Yang, G.",[No abstract available],,,,,,"Final","",Scopus,2-s2.0-84945393742
"Johnston M.P., Mandel L.H.","","Are we leaving them lost in the woods with no breadcrumbs to follow?. Assessing signage systems in school libraries",2014,"School Libraries Worldwide","20","2",,"38","53",,3,,,,"Johnston, M.P.; Mandel, L.H.",[No abstract available],,,,,,"Final","",Scopus,2-s2.0-85021755106
"Oyewusi F., Ayanlola A.O.","","Effect on mobile phone use on reading habit of private secondary school student in Oyo state Nigeria",2014,"School Libraries Worldwide","20","1",,"116","127",,4,,,,"Oyewusi, F.; Ayanlola, A.O.",[No abstract available],,,,,,"Final","",Scopus,2-s2.0-85085898091
"Cooper L.Z.","","Electronic portfolios to support the growth of digital identity in the school library",2014,"School Libraries Worldwide","20","2",,"1","13",,2,,,,"Cooper, L.Z.",[No abstract available],,,,,,"Final","",Scopus,2-s2.0-85018862911
"Gavigan K.W.","","Shedding new light on graphic novel collections: A circulation and collection analysis study in six middle school libraries",2014,"School Libraries Worldwide","20","1",,"97","115",,9,,,,"Gavigan, K.W.",[No abstract available],,,,,,"Final","",Scopus,2-s2.0-84964569938
"Hughes H., Bozorgian H., Allan C.","","School libraries, teacher-librarians and student outcomes: Presenting and using the evidence",2014,"School Libraries Worldwide","20","1",,"29","50",,16,,,,"Hughes, H.; Bozorgian, H.; Allan, C.",[No abstract available],,,,,,"Final","",Scopus,2-s2.0-84949088777
"Garrison K.L., Forest D.E., Kimmel S.C.","","Curation in translation: Promoting global citizenship through literature",2014,"School Libraries Worldwide","20","1",,"70","96",,1,,,,"Garrison, K.L.; Forest, D.E.; Kimmel, S.C.",[No abstract available],,,,,,"Final","",Scopus,2-s2.0-85039821539
"Cabanilla G.","","An Exploration of the Benefits of an Indigenous Community Learning Center's Mini-school library",2013,"School Libraries Worldwide","19","1",,"91","",,1,,,,"Cabanilla, G.",[No abstract available],,,,,,"Final","",Scopus,2-s2.0-85121563416
"Green L.S.","","Language learning through a lens: The case for digital storytelling in the second language classroom",2013,"School Libraries Worldwide","19","2",,"23","36",,17,,,,"Green, L.S.",[No abstract available],,,,,,"Final","",Scopus,2-s2.0-85006538610
"Urska R., Primoz J.","","Guided inquiry projects: Enrichment for gifted pupils",2013,"School Libraries Worldwide","19","1",,"114","127",,6,,,,"Urska, R.; Primoz, J.",[No abstract available],,,,,,"Final","",Scopus,2-s2.0-84919474848
"Oyelude A. A.","","Teachers'/students' library use and reading habits in Ido local government area, Ibadan, Nigeria",2013,"School Libraries Worldwide","19","2",,"69","",,1,,,,"Oyelude, A. A.",[No abstract available],,,,,,"Final","",Scopus,2-s2.0-85115653393
"Johnston M.P.","","Investigating an international exchange of best practices between German and American teacher librarians",2013,"School Libraries Worldwide","19","1",,"59","71",,1,,,,"Johnston, M.P.",[No abstract available],,,,,,"Final","",Scopus,2-s2.0-85053654979
"Morris R.","","Creating, Viewing, and Assessing: Fluid Roles of the Student Self in Digital Storytelling",2013,"School Libraries Worldwide","19","2",,"54","68",,3,,,,"Morris, R.",[No abstract available],,,,,,"Final","",Scopus,2-s2.0-85053254603
"Hunt R.D., Luetkehans L.","","The Insider: School Librarians as Part of a Blended Professional Learning Community for Student Teacher Development in Technology Integration",2013,"School Libraries Worldwide","19","1",,"13","27",,1,,,,"Hunt, R.D.; Luetkehans, L.",[No abstract available],,,,,,"Final","",Scopus,2-s2.0-85053249160
"Kumasi K.D., Hill R.F.","","Examining the hidden ideologies within cultural competence discourses among library and information science (LIS) students: Implications for school library pedagogy",2013,"School Libraries Worldwide","19","1",,"128","141",,8,,,,"Kumasi, K.D.; Hill, R.F.",[No abstract available],,,,,,"Final","",Scopus,2-s2.0-85007219259
"Kumar B.R.","","Utilization of library resources for effective research output Limberg, L and Alexanderson M. (2002). The School Library as a space for learning",2013,"School Libraries Worldwide","9","1",,"1","15",,1,,,,"Kumar, B.R.",[No abstract available],,,,,,"Final","",Scopus,2-s2.0-85112809785
"Paganelli A., Houston C.","","School Library eBook Providers and Spanish Language Equity: An Analysis of eBook Collections Available to School Libraries",2013,"School Libraries Worldwide","19","1",,"100","113",,2,,,,"Paganelli, A.; Houston, C.",[No abstract available],,,,,,"Final","",Scopus,2-s2.0-85069469489
"Jones S.A.","","Illustrating the Narrative Process through Career Stories",2013,"School Libraries Worldwide","19","2",,"","",,1,,,,"Jones, S.A.",[No abstract available],,,,,,"Final","",Scopus,2-s2.0-85081223762
"Foster E.M., Knapp N.F.","","Cougar readers: Piloting a library-based intervention for struggling readers",2013,"School Libraries Worldwide","19","1",,"72","90",,4,,,,"Foster, E.M.; Knapp, N.F.",[No abstract available],,,,,,"Final","",Scopus,2-s2.0-84957969778
"Shenton A.K., Marshman G.","","The school library of today: Guises and ""universal"" roles",2012,"School Libraries Worldwide","18","2",,"73","81",,1,,,,"Shenton, A.K.; Marshman, G.",[No abstract available],,,,,,"Final","",Scopus,2-s2.0-84951012087
"Buchanan S.","","Designing the research commons: Classical models for school libraries",2012,"School Libraries Worldwide","18","1",,"56","69",,3,,,,"Buchanan, S.",[No abstract available],,,,,,"Final","",Scopus,2-s2.0-84919615064
"Kimmel S.C.","","Seeing the clouds: Teacher librarian as broker in collaborative planning with teachers",2012,"School Libraries Worldwide","18","1",,"87","96",,7,,,,"Kimmel, S.C.",[No abstract available],,,,,,"Final","",Scopus,2-s2.0-84867031942
"Mardis M., ElBasri T., Norton S., Newsum J.","","The digital lives of U.S. teachers: A research synthesis and trends to watch",2012,"School Libraries Worldwide","18","1",,"70","86",,9,,,,"Mardis, M.; ElBasri, T.; Norton, S.; Newsum, J.",[No abstract available],,,,,,"Final","",Scopus,2-s2.0-84907047877
"Vantuyle V., Watkins S.","","Teacher Librarians as Connectors to the School CEO",2012,"School Libraries Worldwide","18","1",,"111","122",,1,,,,"Vantuyle, V.; Watkins, S.",[No abstract available],,,,,,"Final","",Scopus,2-s2.0-85053276275
"Kimmel S.C., Dickinson G.K., Doll C.A.","","Dispositions in the Twenty-First Century School Library Profession",2012,"School Libraries Worldwide","18","2",,"106","120",,2,,,,"Kimmel, S.C.; Dickinson, G.K.; Doll, C.A.",[No abstract available],,,,,,"Final","",Scopus,2-s2.0-85053228670
"Ercegovac Z.","","Digital Image Tagging: A Case Study with Seventh Grade Students",2012,"School Libraries Worldwide","18","1",,"97","110",,5,,,,"Ercegovac, Z.",[No abstract available],,,,,,"Final","",Scopus,2-s2.0-84897951570
"Farmer L.","","The roles of professional organisations in school library education: Case studies from around the world",2012,"School Libraries Worldwide","18","2",,"1","11",,2,,,,"Farmer, L.",[No abstract available],,,,,,"Final","",Scopus,2-s2.0-84941362151
"Kymes A., Ray B.","","Preparing school librarians in rural areas through distance education and communities of practice",2012,"School Libraries Worldwide","18","2",,"35","40",,5,,,,"Kymes, A.; Ray, B.",[No abstract available],,,,,,"Final","",Scopus,2-s2.0-85028805526
"Houston C.","","""Digital natives, 21st Century school libraries, and 21st century preparation programs: An Informal Affirmation of Branch and deGroot",2012,"School Libraries Worldwide","18",,,"138","143",,2,,,,"Houston, C.",[No abstract available],,,,,,"Final","",Scopus,2-s2.0-85056062701
"Cahill M., Richey J.","","Integration of Evidence-Based Library and Information Practice into School Library Education: A Case Study",2012,"School Libraries Worldwide","18","2",,"95","105",,3,,,,"Cahill, M.; Richey, J.",[No abstract available],,,,,,"Final","",Scopus,2-s2.0-84979071764
"Kluever J., Finley W.","","Making connections: Challenges and benefits of joint use libraries as seen in one community",2012,"School Libraries Worldwide","18","1",,"48","55",,3,,,,"Kluever, J.; Finley, W.",[No abstract available],,,,,,"Final","",Scopus,2-s2.0-84933676387
"Jones S.A., Downs E., Repman J.","","The evolution of ePortfolios for school library education: A case study",2012,"School Libraries Worldwide","18","2",,"12","20",,1,,,,"Jones, S.A.; Downs, E.; Repman, J.",[No abstract available],,,,,,"Final","",Scopus,2-s2.0-84928686328
"Johnston M.P.","","Connecting teacher librarians for technology integration leadership",2012,"School Libraries Worldwide","18","1",,"18","33",,10,,,,"Johnston, M.P.",[No abstract available],,,,,,"Final","",Scopus,2-s2.0-84880299088
"Small R.V., Arnone M.P., Stripling B.K., Hill R.F., Bennett B.","","The three C's of distance education: Competence, creativity and community",2012,"School Libraries Worldwide","18","2",,"61","72",,1,,,,"Small, R.V.; Arnone, M.P.; Stripling, B.K.; Hill, R.F.; Bennett, B.",[No abstract available],,,,,,"Final","",Scopus,2-s2.0-85080714223
"Ash-Argyle R., Shoham S.","","Librarians' leadership efficacy, pedagogical training and school involvement: Their connection to collaboration between teachers and school librarians in Israel",2012,"School Libraries Worldwide","18","1",,"1","17",,5,,,,"Ash-Argyle, R.; Shoham, S.",[No abstract available],,,,,,"Final","",Scopus,2-s2.0-84922509388
"Cordier A., Lehmans A.","","Distance learning as a central issue for the learning and professionalization process of professeurs documentalistes: the French synthesis of transliteracy",2012,"School Libraries Worldwide","18",,,"41","50",,1,,,,"Cordier, A.; Lehmans, A.",[No abstract available],,,,,,"Final","",Scopus,2-s2.0-85009409267
"Asselin M.","","Internationalism as leadership in IASL research: Accomplishments and directions",2011,"School Libraries Worldwide","17","2",,"13","24",,4,,,,"Asselin, M.",[No abstract available],,,,,,"Final","",Scopus,2-s2.0-84890400696
"Cole E, Daniella S.","","Assistive technology and autism: Expanding the technology leadership role of the school librarian",2011,"School Libraries Worldwide","17","2",,"98","",,1,,,,"Cole, E; Daniella, S.",[No abstract available],,,,,,"Final","",Scopus,2-s2.0-85097594706
"Ennis-Cole D., Smith D.","","Assistive Technology and Autism: Expanding the Technology Leadership Role of the School Librarian",2011,"School Libraries Worldwide","17","2",,"86","98",,15,,,,"Ennis-Cole, D.; Smith, D.",[No abstract available],,,,,,"Final","",Scopus,2-s2.0-84877016836
"Dotson K.B., Jones J.L.","","Librarians and Leadership: The Change We Seek",2011,"School Libraries Worldwide","17","2",,"78","85",,3,,,,"Dotson, K.B.; Jones, J.L.",[No abstract available],,,,,,"Final","",Scopus,2-s2.0-84902479986
"Fodale F., Bates J.","","What is the impact of the school library on pupils' personal development? A case study of a secondary school in Northern Ireland",2011,"School Libraries Worldwide","17","2",,"99","113",,4,,,,"Fodale, F.; Bates, J.",[No abstract available],,,,,,"Final","",Scopus,2-s2.0-84903418505
"Branch-Mueller J., Degroot J.","","The Power Of Web 2.0: Teacher-Librarians Become School Technology Leaders",2011,"School Libraries Worldwide","17","2",,"25","40",,2,,,,"Branch-Mueller, J.; Degroot, J.",[No abstract available],,,,,,"Final","",Scopus,2-s2.0-85015507278
"Johnston M.P., Bishop B.W.","","The potential and possibilities for utilizing geographic information systems to inform school library as place",2011,"School Libraries Worldwide","17","1",,"1","10",,4,,,,"Johnston, M.P.; Bishop, B.W.",[No abstract available],,,,,,"Final","",Scopus,2-s2.0-84930576410
[No author name available],[No author id available],"Process or Product: Constructing or Reproducing Knowledge",2011,"School Libraries Worldwide",,,,"","",,1,,,,"",[No abstract available],,,,,,"Final","",Scopus,2-s2.0-79958133126
"Turner R.","","Notes from the noodle factory: 21st-century librarianship in search of new paradigms",2011,"School Libraries Worldwide","17","2",,"71","77",,1,,,,"Turner, R.",[No abstract available],,,,,,"Final","",Scopus,2-s2.0-85106748327
"DiScala J., Subramaniam M.","","Evidence-Based Practice: A Practice towards Leadership Credibility among School Librarians",2011,"School Libraries Worldwide","17","2",,"59","70",,10,,,,"DiScala, J.; Subramaniam, M.",[No abstract available],,,,,,"Final","",Scopus,2-s2.0-84879320914
"Branch-Mueller J., de Groot J.","","The power of Web.2.0: Teacher-librarians become school technology leaders",2011,"School Libraries Worldwide","17","2",,"1","13",,1,,,,"Branch-Mueller, J.; de Groot, J.",[No abstract available],,,,,,"Final","",Scopus,2-s2.0-84928661410
"Lee E.A., Klinger D.A.","","Against the flow: A continuum for evaluating and revitalizing school libraries",2011,"School Libraries Worldwide","17","1",,"24","35",,2,,,,"Lee, E.A.; Klinger, D.A.",[No abstract available],,,,,,"Final","",Scopus,2-s2.0-84928660253
"Ewbank A.D.","","School Librarians' Advocacy for the Profession: Results of a U.S. National Survey",2011,"School Libraries Worldwide","17","2",,"41","58",,5,,,,"Ewbank, A.D.",[No abstract available],,,,,,"Final","",Scopus,2-s2.0-84962491239
"Haycock K.","","Connecting British Columbia (Canada) School Libraries and Student Achievement: A Comparison of Higher and Lower Performing Schools with Similar Overall Funding",2011,"School Libraries Worldwide","17","1",,"37","50",,5,,,,"Haycock, K.",[No abstract available],,,,,,"Final","",Scopus,2-s2.0-84924375528
"Herring J.E.","","Year seven students, concept mapping and the issues of transfer",2011,"School Libraries Worldwide","17","1",,"11","23",,2,,,,"Herring, J.E.",[No abstract available],,,,,,"Final","",Scopus,2-s2.0-84892182486
"Gordon C.","","Inquiry-based learning for 21st century teaching",2010,"School Libraries Worldwide","16","1",,"80","",,1,,,,"Gordon, C.",[No abstract available],,,,,,"Final","",Scopus,2-s2.0-85056398818
"Kaplan A.G.","","School library impact studies and school library media programs in the United States",2010,"School Libraries Worldwide","16","2",,"55","63",,6,,,,"Kaplan, A.G.",[No abstract available],,,,,,"Final","",Scopus,2-s2.0-84903403382
"Williamson K., Archibald A., McGregor J.","","Shared vision: A key to successful collaboration?",2010,"School Libraries Worldwide","16","2",,"16","30",,8,,,,"Williamson, K.; Archibald, A.; McGregor, J.",[No abstract available],,,,,,"Final","",Scopus,2-s2.0-84883615950
"Montiel-Overall P.","","Further Understanding of Collaboration: A Case Study of How It Works with Teachers and Librarians",2010,"School Libraries Worldwide","16","2",,"31","54",,16,,,,"Montiel-Overall, P.",[No abstract available],,,,,,"Final","",Scopus,2-s2.0-84869997370
"Small R.V., Snyder J.","","Research instruments for measuring the impact of school libraries on student achievement and motivation",2010,"School Libraries Worldwide","16","1",,"61","72",,10,,,,"Small, R.V.; Snyder, J.",[No abstract available],,,,,,"Final","",Scopus,2-s2.0-84855768574
"Oberg D.","","Issues for the Next Decade",2010,"School Libraries Worldwide",,,,"i","iii",,1,,,,"Oberg, D.",[No abstract available],,,,,,"Final","",Scopus,2-s2.0-85032102997
"Enochs E.","","Features of Elementary School Library Poetry Collections: A Collection Analysis Study",2010,"School Libraries Worldwide","16","2",,"64","79",,1,,,,"Enochs, E.",[No abstract available],,,,,,"Final","",Scopus,2-s2.0-85116596971
"Kuhlthau C.C.","","Guided inquiry: School libraries in the 21st century",2010,"School Libraries Worldwide","16","1",,"17","28",,61,,,,"Kuhlthau, C.C.",[No abstract available],,,,,,"Final","",Scopus,2-s2.0-84867014244
"Jones J.L., Dotson K.B.","","Building the disposition of reflection through the inquiryfocused school library program",2010,"School Libraries Worldwide","16","1",,"33","46",,2,,,,"Jones, J.L.; Dotson, K.B.",[No abstract available],,,,,,"Final","",Scopus,2-s2.0-80053513988
"Schmidt R.K., Kowalski V., Nevins L.","","Guiding the Inquiry Using the Modified Scientific Literature Review",2010,"School Libraries Worldwide","16","1",,"13","32",,5,,,,"Schmidt, R.K.; Kowalski, V.; Nevins, L.",[No abstract available],,,,,,"Final","",Scopus,2-s2.0-84879293055
"Moline T.","","Video games as digital learning resources: Implications for teacher-librarians and for researchers",2010,"School Libraries Worldwide","16","2",,"1","15",,8,,,,"Moline, T.",[No abstract available],,,,,,"Final","",Scopus,2-s2.0-84883253323
"Arnone M.P., Small R.V., Reynolds R.","","Supporting inquiry by identifying gaps in student confidence: Development of a measure of perceived competence",2010,"School Libraries Worldwide","16","1",,"47","60",,20,,,,"Arnone, M.P.; Small, R.V.; Reynolds, R.",[No abstract available],,,,,,"Final","",Scopus,2-s2.0-80051878584
"Gordon C.","","The culture of inquiry in school libraries",2010,"School Libraries Worldwide","16","1",,"73","88",,4,,,,"Gordon, C.",[No abstract available],,,,,,"Final","",Scopus,2-s2.0-80053515565
"Schultz-Jones B.A., Ledbetter C.E.","","Building relationships in the school social network: Science teachers and school library media specialists report key dimensions",2009,"School Libraries Worldwide","15","2",,"23","48",,8,,,,"Schultz-Jones, B.A.; Ledbetter, C.E.",[No abstract available],,,,,,"Final","",Scopus,2-s2.0-83155194690
"Campello B.","","Developing students' information skills in Brazilian school libraries: The librarian's role",2009,"School Libraries Worldwide","15","1",,"14","28",,7,,,,"Campello, B.",[No abstract available],,,,,,"Final","",Scopus,2-s2.0-80053080166
"Newell T.S.","","Examining information problem-solving instruction: Dynamic relationship patterns mediated by distinct instruction methodologies",2009,"School Libraries Worldwide","15","2",,"49","76",,6,,,,"Newell, T.S.",[No abstract available],,,,,,"Final","",Scopus,2-s2.0-84867025392
"Arnone M.P., Reynolds R., Marshall T.","","The effect of early adolescents' psychological needs satisfaction upon their perceived competence in information skills and intrinsic motivation for research",2009,"School Libraries Worldwide","15","2",,"115","134",,23,,,,"Arnone, M.P.; Reynolds, R.; Marshall, T.",[No abstract available],,,,,,"Final","",Scopus,2-s2.0-78649300052
"Shannon D.","","Principals' perspectives of school librarians",2009,"School Libraries Worldwide","15","2",,"1","22",,11,,,,"Shannon, D.",[No abstract available],,,,,,"Final","",Scopus,2-s2.0-84866976705
"Crow S.R.","","Relationships that foster intrinsic motivation for information seeking",2009,"School Libraries Worldwide","15","2",,"91","112",,12,,,,"Crow, S.R.",[No abstract available],,,,,,"Final","",Scopus,2-s2.0-79957485902
"Luther F.D., Lerat P.","","Using Digital Resources: Perceptions of First Nations University Students",2009,"School Libraries Worldwide","15","1",,"45","58",,1,,,,"Luther, F.D.; Lerat, P.",[No abstract available],,,,,,"Final","",Scopus,2-s2.0-84960106521
"Herring J.","","A grounded analysis of year 8 students' reflections on information literacy skills and techniques",2009,"School Libraries Worldwide","15","1",,"1","13",,7,,,,"Herring, J.",[No abstract available],,,,,,"Final","",Scopus,2-s2.0-78149342228
"Naslund J.-A., Giustini D.","","Towards School Library 2.0: An Introduction to Social Software Tools for Teacher Librarians",2008,"School Libraries Worldwide","14","2",,"55","67",,1,,,,"Naslund, J.-A.; Giustini, D.",[No abstract available],,,,,,"Final","",Scopus,2-s2.0-84890417437
"McPherson K.","","Shaping global criticality with school libraries",2008,"School Libraries Worldwide","14","2",,"35","44",,1,,,,"McPherson, K.",[No abstract available],,,,,,"Final","",Scopus,2-s2.0-85057160055
"Lu Y.-L., Gordon C.","","The Effects of Free Choice on Student Learning: A Study of Summer Reading",2008,"School Libraries Worldwide","14","1",,"38","55",,3,,,,"Lu, Y.-L.; Gordon, C.",[No abstract available],,,,,,"Final","",Scopus,2-s2.0-85031284865
"Kopak R.","","Open Access and the Open Journal Systems: Making Sense All over",2008,"School Libraries Worldwide","14","2",,"45","54",,3,,,,"Kopak, R.",[No abstract available],,,,,,"Final","",Scopus,2-s2.0-84866982534
"Chu S., Chow K., Tse S.K., Kuhlthau C.C.","","Grade 4 students' development of research skills through inquiry-based learning projects",2008,"School Libraries Worldwide","14","1",,"10","37",,25,,,,"Chu, S.; Chow, K.; Tse, S.K.; Kuhlthau, C.C.",[No abstract available],,,,,,"Final","",Scopus,2-s2.0-67650990440
"Liu G.Z.","","School libraries serving rural communities in China: The Evergreen model",2008,"School Libraries Worldwide","14","1",,"1","20",,2,,,,"Liu, G.Z.",[No abstract available],,,,,,"Final","",Scopus,2-s2.0-84898534735
"Friese E.G.","","Popular culture in the school library: Enhancing literacies traditional and new",2008,"School Libraries Worldwide","14","2",,"68","82",,7,,,,"Friese, E.G.",[No abstract available],,,,,,"Final","",Scopus,2-s2.0-75449106291
"Asselin M., Doiron R.","","Towards a transformative pedagogy for school libraries 2.0",2008,"School Libraries Worldwide","14","2",,"1","18",,13,,,,"Asselin, M.; Doiron, R.",[No abstract available],,,,,,"Final","",Scopus,2-s2.0-71949086082
"Todd R.J.","","Youth and their virtual networked worlds: Research findings and implications for school libraries",2008,"School Libraries Worldwide","14","2",,"19","34",,15,,,,"Todd, R.J.",[No abstract available],,,,,,"Final","",Scopus,2-s2.0-77149170501
"Haycock K., Kemp J.W.","","Immersive learning environments in parallel universes: Learning through second life",2008,"School Libraries Worldwide","14","2",,"89","97",,26,,,,"Haycock, K.; Kemp, J.W.",[No abstract available],,,,,,"Final","",Scopus,2-s2.0-65349168072
"Shoham S.","","Web sites and digital services in Israeli school libraries: How is a digital environment changing how school libraries work?",2008,"School Libraries Worldwide","14","1",,"86","98",,1,,,,"Shoham, S.",[No abstract available],,,,,,"Final","",Scopus,2-s2.0-84922173301
"Shenton A.K.","","The paradoxical world of young people's information behaviour",2007,"School Libraries Worldwide","13","2",,"1","17",,13,,,,"Shenton, A.K.",[No abstract available],,,,,,"Final","",Scopus,2-s2.0-54949114937
"Turner R., Matthews G., Ashcroft L., Farrow J.","","Senior management and the provision of libraries in independent schools in England and Wales",2007,"School Libraries Worldwide","13","1",,"1","21",,2,,,,"Turner, R.; Matthews, G.; Ashcroft, L.; Farrow, J.",[No abstract available],,,,,,"Final","",Scopus,2-s2.0-84993036835
"Haycock K.","","Collaboration: Critical success factors for student learning",2007,"School Libraries Worldwide","13","1",,"25","35",,16,,,,"Haycock, K.",[No abstract available],,,,,,"Final","",Scopus,2-s2.0-84898449799
"Alqudsi-Ghabra T.","","Knowledge management in schools and for schools",2007,"School Libraries Worldwide","13","2",,"47","48",,3,,,,"Alqudsi-Ghabra, T.",[No abstract available],,,,,,"Final","",Scopus,2-s2.0-84943239062
"Morris B.J.","","Principal support for collaboration",2007,"School Libraries Worldwide","13","1",,"23","24",,1,,,,"Morris, B.J.",[No abstract available],,,,,,"Final","",Scopus,2-s2.0-84987852588
"Morris B.J., Packard A.","","The Principal's Support of Classroom Teacher-Media Specialist Collaboration",2007,"School Libraries Worldwide","13","1",,"36","55",,4,,,,"Morris, B.J.; Packard, A.",[No abstract available],,,,,,"Final","",Scopus,2-s2.0-84867024514
"Perrault A.M.","","The school as an information ecology: A framework for studying changes in information use",2007,"School Libraries Worldwide","13","2",,"49","62",,6,,,,"Perrault, A.M.",[No abstract available],,,,,,"Final","",Scopus,2-s2.0-84905900024
"Alexander L.B., Morton M.L.","","Multicultural Cinderella: A collaborative project in an elementary school",2007,"School Libraries Worldwide","13",,,"32","45",,1,,,,"Alexander, L.B.; Morton, M.L.",[No abstract available],,,,,,"Final","",Scopus,2-s2.0-84938700702
"Farmer L.","","Principals: Catalysts for Collaboration",2007,"School Libraries Worldwide","13","1",,"56","65",,3,,,,"Farmer, L.",[No abstract available],,,,,,"Final","",Scopus,2-s2.0-84870010845
"Butler R.P.","","Borrowing media from around the world: School libraries and copyright law",2007,"School Libraries Worldwide","13","2",,"73","81",,1,,,,"Butler, R.P.",[No abstract available],,,,,,"Final","",Scopus,2-s2.0-77951048986
"Boelens H.","","Knowledge Management in Secondary Schools and the Role of the School Librarian",2007,"School Libraries Worldwide","13","2",,"63","72",,4,,,,"Boelens, H.",[No abstract available],,,,,,"Final","",Scopus,2-s2.0-84871897739
"Mitchell P.","","Australia's Professional Excellence Policy: Empowering School Libraries",2006,"School Libraries WorldWide","12","1",,"39","49",,1,,,,"Mitchell, P.",[No abstract available],,,,,,"Final","",Scopus,2-s2.0-85032095418
"Moore P.","","Information literacy in the New Zealand education sector",2006,"School Libraries Worldwide","12","1",,"1","21",,4,,,,"Moore, P.",[No abstract available],,,,,,"Final","",Scopus,2-s2.0-70350066242
"Todd R.J.","","School libraries and evidence-based practice: An integrated approach to evidence",2006,"School Libraries Worldwide","12","2",,"31","37",,13,,,,"Todd, R.J.",[No abstract available],,,,,,"Final","",Scopus,2-s2.0-34247529689
"Wray D.","","An inquiry-based approach to library instruction",2006,"School Libraries Worldwide","12","2",,"16","28",,1,,,,"Wray, D.",[No abstract available],,,,,,"Final","",Scopus,2-s2.0-84906353719
"Oberg D.","","School Libraries Worldwide as a source for evidence for evidence-based practice, 1995-2006",2006,"School Libraries Worldwide","12","2",,"1","12",,5,,,,"Oberg, D.",[No abstract available],,,,,,"Final","",Scopus,2-s2.0-84859032505
"Rafste E.T., Sætre T.P., Sundt E.","","Norwegian policy: Empowering school libraries",2006,"School Libraries worldwide","12","1",,"50","59",,1,,,,"Rafste, E.T.; Sætre, T.P.; Sundt, E.",[No abstract available],,,,,,"Final","",Scopus,2-s2.0-79959450442
"Han Y.-O.","","Korea: A study of school library development",2006,"School Libraries Worldwide","12","1",,"70","80",,2,,,,"Han, Y.-O.",[No abstract available],,,,,,"Final","",Scopus,2-s2.0-84928158780
"Crow S.R.","","What motivates a lifelong learner?",2006,"School Libraries Worldwide","12","1",,"22","34",,6,,,,"Crow, S.R.",[No abstract available],,,,,,"Final","",Scopus,2-s2.0-78449301835
"Wilson M.D.K.","","Implications of using focus groups to improve library services",2006,"School Libraries Worldwide","12","2",,"52","73",,1,,,,"Wilson, M.D.K.",[No abstract available],,,,,,"Final","",Scopus,2-s2.0-84875694035
"Mardis M.A.","","Science-Related Topics in School Library Media Periodicals: An Analysis of Electronic Citation Content from 1998–2004",2006,"School Libraries Worldwide","12","2",,"1","15",,3,,,,"Mardis, M.A.",[No abstract available],,,,,,"Final","",Scopus,2-s2.0-84924574156
"Turner Richard","","The School Library Policy: The Foundation for a Professional School Library Service",2006,"School Libraries Worldwide","12","1",,"59","69",,1,,,,"Turner, Richard",[No abstract available],,,,,,"Final","",Scopus,2-s2.0-85124911079
"Campello B., Goncalves A.V.L.F.","","Information literacy and the education of school librarians",2005,"School Libraries Worldwide","11","1",,"37","52",,5,,,,"Campello, B.; Goncalves, A.V.L.F.",[No abstract available],,,,,,"Final","",Scopus,2-s2.0-79959567762
"Shaw F.","","School libraries in Bhutan: birth of a reading culture",2005,"School Libraries Worldwide","11","2",,"112","131",,1,,,,"Shaw, F.",[No abstract available],,,,,,"Final","",Scopus,2-s2.0-85092539927
"Rafste E.T.","","A place to learn or a Place for leisure:Pupils' use of the school library in Norway",2005,"School Libraries Worldwide","11","1",,"1","16",,7,,,,"Rafste, E.T.",[No abstract available],,,,,,"Final","",Scopus,2-s2.0-84865375606
"Naidoo J.","","Information empowerment: Using informational books to connect the library media center program with sheltered instruction",2005,"School Libraries Worldwide","11",,,"132","152",,2,,,,"Naidoo, J.",[No abstract available],,,,,,"Final","",Scopus,2-s2.0-33947503848
"Harada V.H.","","Librarians and teachers as research partners: Reshaping practices based on assessment and reflection",2005,"School Libraries Worldwide","11","2",,"49","72",,8,,,,"Harada, V.H.",[No abstract available],,,,,,"Final","",Scopus,2-s2.0-33846638559
"Todd R.J., Kuhlthau C.C.","","Student learning through Ohio school libraries, Part 1: How effective school libraries help students",2005,"School Libraries Worldwide","11","1",,"63","88",,42,,,,"Todd, R.J.; Kuhlthau, C.C.",[No abstract available],,,,,,"Final","",Scopus,2-s2.0-33749069123
"Moore P.","","An analysis of information literacy education worldwide",2005,"School Libraries Worldwide","11","2",,"1","23",,8,,,,"Moore, P.",[No abstract available],,,,,,"Final","",Scopus,2-s2.0-84881112401
"Asselin M.","","Teaching information skills in the information age: An examination of trends in the middle grades",2005,"School Libraries Worldwide","11","1",,"17","36",,20,,,,"Asselin, M.",[No abstract available],,,,,,"Final","",Scopus,2-s2.0-33846478292
"Montiel-Overall P.","","A theoretical understanding of teacher and librarian collaboration (TLC)",2005,"School Libraries Worldwide","11","2",,"24","48",,24,,,,"Montiel-Overall, P.",[No abstract available],,,,,,"Final","",Scopus,2-s2.0-35748938921
"Machet M.P.","","Reading and Use of Informational Material by South African Youth",2004,"School Libraries Worldwide","10","1-2",,"1","20",,3,,,,"Machet, M.P.",[No abstract available],,,,,,"Final","",Scopus,2-s2.0-34249911139
"Agosto D.E.","","Gender, technologies, and the school library",2004,"School Libraries Worldwide","10","1-2",,"39","51",,5,,,,"Agosto, D.E.",[No abstract available],,,,,,"Final","",Scopus,2-s2.0-33644683537
"Filipenko M.","","Constructing knowledge about and with informational texts: Implications for teacher-librarians working with young children",2004,"School Libraries Worldwide","10","1-2",,"21","36",,5,,,,"Filipenko, M.",[No abstract available],,,,,,"Final","",Scopus,2-s2.0-67349157934
"Jakobsdottir S., Jonsdottir B.M., Hjartarson T.","","Gender, ICT-related student skills, and the role of a school library in an Icelandic school",2004,"School Libraries Worldwide","10",,,"52","72",,2,,,,"Jakobsdottir, S.; Jonsdottir, B.M.; Hjartarson, T.",[No abstract available],,,,,,"Final","",Scopus,2-s2.0-38549155732
"Ray D.","","Reading in the age of Harry Potter, motivating the lifelong reading habit through a balanced use of children's Information books",2003,"School Libraries Worldwide","9","1",,"124","132",,1,,,,"Ray, D.",[No abstract available],,,,,,"Final","",Scopus,2-s2.0-85006358640
"Hamer J.S.","","Coming-out: Gay males' information seeking",2003,"School Libraries Worldwide","9","2",,"73","89",,30,,,,"Hamer, J.S.",[No abstract available],,,,,,"Final","",Scopus,2-s2.0-28844474954
"Doiron R.","","Motivating the lifelong reading habit a balanced use of children's information books",2003,"School Libraries Worldwide","9","1",,"39","49",,6,,,,"Doiron, R.",[No abstract available],,,,,,"Final","",Scopus,2-s2.0-79959270336
"Butler R.P.","","Literature continuum: the Harry Potter phenomenon",2003,"School Libraries Worldwide","9","1",,"","",,1,,,,"Butler, R.P.",[No abstract available],,,,,,"Final","",Scopus,2-s2.0-84881253110
"Jones J.","","""I build resiliency"": The role of the school media specialist",2003,"School Libraries Worldwide","9","2",,"90","99",,7,,,,"Jones, J.",[No abstract available],,,,,,"Final","",Scopus,2-s2.0-84860031727
"Branch J.L.","","Instructional intervention is the key: Supporting adolescent information seeking",2003,"School Libraries Worldwide","9","2",,"47","61",,24,,,,"Branch, J.L.",[No abstract available],,,,,,"Final","",Scopus,2-s2.0-60449115423
"Todd R.J.","","Adolescents of the information age: Patterns of information seeking and use, and implications for information professionals",2003,"School Libraries Worldwide","9","2",,"27","46",,38,,,,"Todd, R.J.",[No abstract available],,,,,,"Final","",Scopus,2-s2.0-28844450324
"Knapp N.F.","","In defense of harry potter: An apologia",2003,"School Libraries Worldwide","9","1",,"78","91",,5,,,,"Knapp, N.F.",[No abstract available],,,,,,"Final","",Scopus,2-s2.0-84900052312
"Mackey M.","","Risk, safety, and control in young people's reading experiences",2003,"School Libraries Worldwide","9",,,"50","63",,2,,,,"Mackey, M.",[No abstract available],,,,,,"Final","",Scopus,2-s2.0-85012451659
"Limberg L., Alexandersson M.","","The school library as a space for learning",2003,"School Libraries Worldwide","9","1",,"1","15",,12,,,,"Limberg, L.; Alexandersson, M.",[No abstract available],,,,,,"Final","",Scopus,2-s2.0-20344406887
"Shoham S., Shemer-Shalman Z.","","Territorial behavior in the school library",2003,"School Libraries Worldwide","9","2",,"1","23",,2,,,,"Shoham, S.; Shemer-Shalman, Z.",[No abstract available],,,,,,"Final","",Scopus,2-s2.0-33947251978
"Henri J., Hay L., Oberg D.","","An international study on principal influence and information services in schools: Synergy in themes and methods",2002,"School Libraries Worldwide","8","1",,"49","70",,7,,,,"Henri, J.; Hay, L.; Oberg, D.",[No abstract available],,,,,,"Final","",Scopus,2-s2.0-84866986882
"Murray J.","","Teaching information skills to students with disabilities: What works",2002,"School Libraries Worldwide","7","2",,"1","16",,4,,,,"Murray, J.",[No abstract available],,,,,,"Final","",Scopus,2-s2.0-78049462862
"McGregor J.H.","","Flexible scheduling: How does a principal facilitate implementation?",2002,"School Libraries Worldwide","8","1",,"71","84",,2,,,,"McGregor, J.H.",[No abstract available],,,,,,"Final","",Scopus,2-s2.0-33746023029
"Herring J.E., Tarter A.-M., Naylor S.","","An evaluation of the use of the PLUS model to develop pupils' information skills in a secondary school",2002,"School Libraries Worldwide","8","1",,"1","24",,11,,,,"Herring, J.E.; Tarter, A.-M.; Naylor, S.",[No abstract available],,,,,,"Final","",Scopus,2-s2.0-33745980867
"Carter M.","","The connecting school and the intranet librarian",2002,"School Libraries Worldwide","8","2",,"51","64",,2,,,,"Carter, M.",[No abstract available],,,,,,"Final","",Scopus,2-s2.0-36448964560
"Hartzell G.","","The principal's perceptions of school libraries and teacher-librarians",2002,"School Libraries Worldwide","8","1",,"92","110",,29,,,,"Hartzell, G.",[No abstract available],,,,,,"Final","",Scopus,2-s2.0-33846513280
"O'Connell J.","","Extending the reach of the school library",2002,"School Libraries Worldwide","8","2",,"21","26",,1,,,,"O'Connell, J.",[No abstract available],,,,,,"Final","",Scopus,2-s2.0-33645935758
"Gunn H.","","Virtual libraries supporting student learning",2002,"School Libraries Worldwide","8","2",,"27","37",,7,,,,"Gunn, H.",[No abstract available],,,,,,"Final","",Scopus,2-s2.0-79952917144
"Russell A.","","MBTI personality preferences and diverse online learning experiences",2002,"School Libraries Worldwide","8","1",,"25","40",,6,,,,"Russell, A.",[No abstract available],,,,,,"Final","",Scopus,2-s2.0-84870864932
"Cram J.","","Whose Knowledge? Whose Management? Cognitive Considerations for the Provision of Virtual Library Services to School Communities",2002,"School Libraries Worldwide","8","2",,"65","80",,2,,,,"Cram, J.",[No abstract available],,,,,,"Final","",Scopus,2-s2.0-80053102670
"Agosto D.E.","","The cultured word: Cultural background, bilingualism, and the school library",2001,"School Libraries Worldwide","7","1",,"46","57",,3,,,,"Agosto, D.E.",[No abstract available],,,,,,"Final","",Scopus,2-s2.0-71949118608
"Baffour-Awuah M., Pilane M.","","Village reading rooms: Book outreach in botswana",2001,"School Libraries Worldwide","7","2",,"65","71",,3,,,,"Baffour-Awuah, M.; Pilane, M.",[No abstract available],,,,,,"Final","",Scopus,2-s2.0-79955678490
"Williams D., Wavell C.","","Evaluating the impact of the school library resource center on learning",2001,"School Libraries Worldwide","7","1",,"58","71",,6,,,,"Williams, D.; Wavell, C.",[No abstract available],,,,,,"Final","",Scopus,2-s2.0-35748957021
"Clyde L.A., Lobban M.","","A door half open: Young people's access to fiction related to homosexuality",2001,"School Libraries Worldwide","7","2",,"17","30",,17,,,,"Clyde, L.A.; Lobban, M.",[No abstract available],,,,,,"Final","",Scopus,2-s2.0-23244442934
"Boekhorst A.K., Van Veen M.J.P.","","School libraries in The Netherlands",2001,"School Libraries Worldwide","7","1",,"82","102",,1,,,,"Boekhorst, A.K.; Van Veen, M.J.P.",[No abstract available],,,,,,"Final","",Scopus,2-s2.0-84993084770
"Branch J.L.","","Information-seeking processes of junior high school students: A case study of CD-ROM encyclopedia use",2001,"School Libraries Worldwide","7","1",,"11","27",,10,,,,"Branch, J.L.",[No abstract available],,,,,,"Final","",Scopus,2-s2.0-32144450874
"Walling L.L.","","Ability, disability and picture books",2001,"School Libraries Worldwide","7","2",,"31","38",,1,,,,"Walling, L.L.",[No abstract available],,,,,,"Final","",Scopus,2-s2.0-84987720361
"Ryan J., Capra S.","","Information literacy planning for educators: The ILPO approach",2001,"School Libraries Worldwide","7","1",,"1","10",,4,,,,"Ryan, J.; Capra, S.",[No abstract available],,,,,,"Final","",Scopus,2-s2.0-33745985203
"Oberg D.","","Editorial: Perspectives on information literacy",2001,"School Libraries Worldwide","7","1",,"i","v",,1,,,,"Oberg, D.",[No abstract available],,,,,,"Final","",Scopus,2-s2.0-85050878472
"Barranoik L.","","Research success with senior high school students",2001,"School Libraries Worldwide","7","1",,"28","45",,12,,,,"Barranoik, L.",[No abstract available],,,,,,"Final","",Scopus,2-s2.0-33947276068
"Shelley-Robinson C.","","The voluntary reading interests of Jamaican 6th graders",2001,"School Libraries Worldwide","7","1",,"72","81",,1,,,,"Shelley-Robinson, C.",[No abstract available],,,,,,"Final","",Scopus,2-s2.0-34249776011
"Tötemeyer A.-J.","","The national readathon of Namibia, 1988-2001",2001,"School Libraries Worldwide","7","2",,"57","64",,1,,,,"Tötemeyer, A.-J.",[No abstract available],,,,,,"Final","",Scopus,2-s2.0-78751627723
"Nakamura Y.","","Teachers' perceptions of school libraries: Comparisons from Tokyo and Honolulu",2000,"School Libraries Worldwide","6","1",,"66","87",,5,,,,"Nakamura, Y.",[No abstract available],,,,,,"Final","",Scopus,2-s2.0-33846470375
"Asselin M.","","Poised for change: Effects of a teacher education project on preservice teachers' knowledge of the school library program and the role of the teacher-librarian",2000,"School Libraries Worldwide","6","2",,"72","87",,6,,,,"Asselin, M.",[No abstract available],,,,,,"Final","",Scopus,2-s2.0-70350068169
"Kargbo J.A.","","The history and development of school libraries in Sierra Leone",2000,"School Libraries Worldwide","6","1",,"88","94",,1,,,,"Kargbo, J.A.",[No abstract available],,,,,,"Final","",Scopus,2-s2.0-85082933080
"Baruchson-Arbib S.","","Bibliotherapy in school libraries: An Israeli experiment",2000,"School Libraries Worldwide","6","2",,"102","110",,5,,,,"Baruchson-Arbib, S.",[No abstract available],,,,,,"Final","",Scopus,2-s2.0-84925356043
"Vansickle S.","","Educating preservice media specialists: Developing school leaders",2000,"School Libraries Worldwide","6","2",,"1","20",,7,,,,"Vansickle, S.",[No abstract available],,,,,,"Final","",Scopus,2-s2.0-3042597473
"Murray J.","","The training needs of school library staff for delivery to disabled students",2000,"School Libraries Worldwide","6","2",,"21","29",,2,,,,"Murray, J.",[No abstract available],,,,,,"Final","",Scopus,2-s2.0-79952529901
"Clyde L.A.","","The schole lybrarie: Images from our past",1999,"School Libraries Worldwide","5","1",,"1","16",,2,,,,"Clyde, L.A.",[No abstract available],,,,,,"Final","",Scopus,2-s2.0-33646169287
"Kuhlthau C.C.","","Student learning in the library: What library power librarians say",1999,"School Libraries Worldwide","5","2",,"80","96",,8,,,,"Kuhlthau, C.C.",[No abstract available],,,,,,"Final","",Scopus,2-s2.0-0038576241
"Webb N., Doll C.A.","","Contributions of library power to collaborations between librarians and teachers",1999,"School Libraries Worldwide","5","2",,"29","44",,5,,,,"Webb, N.; Doll, C.A.",[No abstract available],,,,,,"Final","",Scopus,2-s2.0-3042591894
[No author name available],[No author id available],[No title available],1999,"School Libraries Worldwide","5","2",,"","",,1,,,,"",[No abstract available],,,,,,"Final","",Scopus,2-s2.0-33744946098
"Rainey M.D.","","Primary school libraries in Fiji: a research report",1999,"School Libraries Worldwide","5","1",,"41","48",,2,,,,"Rainey, M.D.",[No abstract available],,,,,,"Final","",Scopus,2-s2.0-84903874591
[No author name available],[No author id available],"UBE Blue-print Abuja, Federal Republic of Nigeria, p. 4 Grants, Nintu (1996): Attitude of pre-service and in-service teacher towards working with school libraries",1999,"School Libraries Worldwide","2","1",,"57","",,1,,,,"",[No abstract available],,,,,,"Final","",Scopus,2-s2.0-85066110512
"Oberg D.","","A library power case study of lakeside elementary school",1999,"School Libraries Worldwide","5","2",,"63","79",,3,,,,"Oberg, D.",[No abstract available],,,,,,"Final","",Scopus,2-s2.0-75949122093
"Hart G.","","Information literacy education in disadvantaged schools: A case study of project work at a primary school in South Africa",1999,"School Libraries Worldwide","5","1",,"78","96",,3,,,,"Hart, G.",[No abstract available],,,,,,"Final","",Scopus,2-s2.0-84922561657
"Butler R.P.","","Contending voices: Intellectual freedom in American public school library, 1827-1940",1999,"School Libraries Worldwide","5","1",,"30","39",,1,,,,"Butler, R.P.",[No abstract available],,,,,,"Final","",Scopus,2-s2.0-37448999481
"Alemna A.A.","","School libraries in Ghana: A state-of-the-art report",1998,"School Libraries Worldwide","4",,,"34","39",,1,,,,"Alemna, A.A.",[No abstract available],,,,,,"Final","",Scopus,2-s2.0-84944751002
"Tallman J., Tastad S.","","Library Power: A potent agent for change in media programs",1998,"School Libraries Worldwide","4","1",,"33","49",,1,,,,"Tallman, J.; Tastad, S.",[No abstract available],,,,,,,"",Scopus,2-s2.0-3042597476
"Papazoglou A.","","School libraries in Greece: A state-of-the-art report",1998,"School Libraries Worldwide","4","2",,"40","51",,3,,,,"Papazoglou, A.",[No abstract available],,,,,,,"",Scopus,2-s2.0-0342895289
"Gawith G.","","Information literacy at Grassroots in New Zealand",1998,"School Libraries Worldwide","4",,,"50","58",,1,,,,"Gawith, G.",[No abstract available],,,,,,"Final","",Scopus,2-s2.0-34047228452
"Langford L.","","Information literacy: A clarification",1998,"School Libraries Worldwide","4","1",,"59","72",,18,,,,"Langford, L.",[No abstract available],,,,,,"Final","",Scopus,2-s2.0-0041834685
"Islam M.A.","","School libraries in Bangladesh: a state-of-the-art report",1998,"School Libraries Worldwide","4","2",,"15","21",,3,,,,"Islam, M.A.",[No abstract available],,,,,,"Final","",Scopus,2-s2.0-84958700906
"Yapa G.","","School libraries in Sri Lanka: a state-of-the-art report",1998,"School Libraries Worldwide","4","2",,"1","14",,3,,,,"Yapa, G.",[No abstract available],,,,,,"Final","",Scopus,2-s2.0-79952725686
"Loerke K., Oberg D.","","Working together to improve junior high research instruction: An action research approach",1997,"School Libraries Worldwide","3","2",,"56","67",,1,,,,"Loerke, K.; Oberg, D.",[No abstract available],,,,,,"Final","",Scopus,2-s2.0-84949985574
"GHAYE T.","","Some Reflections on the Nature of Educational Action Research",1997,"School Libraries Worldwide","3","2",,"1","10",,2,,,,"GHAYE, T.",[No abstract available],,,,,,"Final","",Scopus,2-s2.0-68149090692
"Harada V., Yoshima J.","","Improving Information Search Process Instruction and Assessment through Collaborative Action Research",1997,"School Libraries Worldwide","3",,,"41","55",,1,,,,"Harada, V.; Yoshima, J.",[No abstract available],,,,,,"Final","",Scopus,2-s2.0-33744913877
"Royce J.","","Surviving information overload: Lessons from the reading reluctance research",1997,"School Libraries Worldwide","3","1",,"39","46",,3,,,,"Royce, J.",[No abstract available],,,,,,,"",Scopus,2-s2.0-0242620069
"Henri J.","","Information technology literacy in schools",1997,"School Libraries Worldwide","3","1",,"31","38",,1,,,,"Henri, J.",[No abstract available],,,,,,,"",Scopus,2-s2.0-0039085373
"Klobas J.E.","","The methods of action research",1997,"School Libraries Worldwide","3",,,"11","30",,1,,,,"Klobas, J.E.",[No abstract available],,,,,,,"",Scopus,2-s2.0-0005686156
"Mackey M., Johnston I.","","The book resisters: Ways of approaching reluctant teenage readers",1996,"School Libraries Worldwide","2","1",,"25","38",,3,,,,"Mackey, M.; Johnston, I.",[No abstract available],,,,,,"Final","",Scopus,2-s2.0-57349198927
"Rainey M.D.","","Literacy and reading in the South Pacific: problems and solutions",1996,"School Libraries Worldwide","2","1",,"1","8",,1,,,,"Rainey, M.D.",[No abstract available],,,,,,"Final","",Scopus,2-s2.0-84992888151
"Schrader A.M.","","Censorproofing school library collections: The fallacy and futility",1996,"School Libraries Worldwide","2","1",,"71","94",,2,,,,"Schrader, A.M.",[No abstract available],,,,,,"Final","",Scopus,2-s2.0-85070344076
"Knuth R.","","Adaptation, goal achievement, integration, and latency: An analysis of the projects and programs of the International Association of School Librarianship",1996,"School Libraries Worldwide","2","2",,"54","97",,2,,,,"Knuth, R.",[No abstract available],,,,,,,"",Scopus,2-s2.0-0011694679
"Knuth R.","","Through members' eyes: A survey of the membership of the International Association of School Librarians",1996,"School Libraries Worldwide","2","2",,"33","53",,2,,,,"Knuth, R.",[No abstract available],,,,,,,"",Scopus,2-s2.0-0011621029
"Knuth R.","","An international forum: The history of the International Association of School Librarianship",1996,"School Libraries Worldwide","2","2",,"1","32",,3,,,,"Knuth, R.",[No abstract available],,,,,,"Final","",Scopus,2-s2.0-84956883147
"Totemeyer A.-J.","","Is father Christmas feeding the goats? Or, the bottomless pit: Book donations to a developing country",1995,"School Libraries Worldwide","1","2",,"4","7",,1,,,,"Totemeyer, A.-J.",[No abstract available],,,,,,"Final","",Scopus,2-s2.0-84944885680
"Olen A.","","""Academic success and school library use""",1995,"School Libraries Worldwide","1","1",,"69","79",,3,,,,"Olen, A.",[No abstract available],,,,,,"Final","",Scopus,2-s2.0-33749042393
"Todd R.J.","","Information literacy: Philosophy, principles, and practice",1995,"School Libraries Worldwide","1","1",,"54","68",,6,,,,"Todd, R.J.",[No abstract available],,,,,,"Final","",Scopus,2-s2.0-33748149534
"Kuhlthau C.C.","","The process of learning from information",1995,"School Libraries Worldwide","1","1",,"1","12",,13,,,,"Kuhlthau, C.C.",[No abstract available],,,,,,"Final","",Scopus,2-s2.0-0007211039
"Kuhne B.","","The Barkestorp project: Investigating school library use",1995,"School Libraries Worldwide","1","1",,"13","27",,6,,,,"Kuhne, B.",[No abstract available],,,,,,"Final","",Scopus,2-s2.0-84855531523
"Oberg D.","","Special issue: Learning from information",1995,"School Libraries Worldwide","1","1",,"","",,1,,,,"Oberg, D.",[No abstract available],,,,,,,"",Scopus,2-s2.0-0037701335
"McGregor J.H.","","Process or product: Constructing or reproducing knowledge",1995,"School Libraries Worldwide","1","1",,"28","40",,3,,,,"McGregor, J.H.",[No abstract available],,,,,,,"",Scopus,2-s2.0-0007272754
"Garland K.","","The information search process: A study of elements associated with meaningful research tasks",1995,"School Libraries Worldwide","1","1",,"41","53",,6,,,,"Garland, K.",[No abstract available],,,,,,,"",Scopus,2-s2.0-0003138579
"Olen S.","","Academic success and school library use",1995,"School Libraries Worldwide","1","1",,"67","69",,2,,,,"Olen, S.",[No abstract available],,,,,,"Final","",Scopus,2-s2.0-85128083980
"McAfee Hopkins D.","","Challenges to library materials form principals in United States secondary schools - a ""victory"" of sorts",1995,"School Libraries Worldwide","1","2",,"8","29",,2,,,,"McAfee Hopkins, D.",[No abstract available],,,,,,"Final","",Scopus,2-s2.0-37448998564
[No author name available],[No author id available],[No title available],0000,"School Libraries Worldwide",,,,"","",,1,,,,"",[No abstract available],,,,,,"Final","",Scopus,2-s2.0-84903262800
